<?xml version="1.0" encoding="UTF-8"?>

<CarePlan xmlns="http://hl7.org/fhir">
  <id value="ARVTreatmentRegimenSwitchedOrSubstitutedExample"/>
  <meta>
    <profile value="http://openhie.org/fhir/training-solution-1/StructureDefinition/hiv-arv-treatment"/>
  </meta>
  <text>
    <status value="generated"/><div xmlns="http://www.w3.org/1999/xhtml"><p><b>Generated Narrative: CarePlan</b><a name="ARVTreatmentRegimenSwitchedOrSubstitutedExample"> </a></p><div style="display: inline-block; background-color: #d9e0e7; padding: 6px; margin: 4px; border: 1px solid #8da1b4; border-radius: 5px; line-height: 60%"><p style="margin-bottom: 0px">Resource CarePlan &quot;ARVTreatmentRegimenSwitchedOrSubstitutedExample&quot; </p><p style="margin-bottom: 0px">Profile: <a href="StructureDefinition-hiv-arv-treatment.html">ARV Treatment</a></p></div><p><b>status</b>: active</p><p><b>intent</b>: plan</p><p><b>subject</b>: <a href="Patient-HIVPatientExample.html">Patient/HIVPatientExample</a> &quot; SMITH&quot;</p><p><b>encounter</b>: <a href="Encounter-TargetFacilityEncounterExample.html">Encounter/TargetFacilityEncounterExample</a></p><p><b>period</b>: 2022-12-01 --&gt; 2022-12-01</p><blockquote><p><b>activity</b></p><h3>Details</h3><table class="grid"><tr><td>-</td><td><b>Extension</b></td><td><b>Kind</b></td><td><b>Code</b></td><td><b>Status</b></td><td><b>Scheduled[x]</b></td><td><b>Product[x]</b></td></tr><tr><td>*</td><td>, , </td><td>MedicationRequest</td><td>ARV medication request <span style="background: LightGoldenRodYellow; margin: 4px; border: 1px solid khaki"> (<a href="https://loinc.org/">LOINC</a>#45260-7 &quot;HIV ART medication&quot;)</span></td><td>in-progress</td><td>2023-01-01 --&gt; 2023-01-01</td><td>ARV Regimen <span style="background: LightGoldenRodYellow; margin: 4px; border: 1px solid khaki"> (<a href="https://browser.ihtsdotools.org/">SNOMED CT</a>#387005008 &quot;Abacavir&quot;)</span></td></tr></table></blockquote><p><b>note</b>: Prescribed Abacavir (ABC) (By Organization/HIVOrganizationExample @Feb 7, 2015, 6:28:17 PM), Additional informatiion regarding the regimen switch (By Organization/HIVOrganizationExample @Feb 7, 2015, 6:28:17 PM)</p></div>
  </text>
  <status value="active"/>
  <intent value="plan"/>
  <subject>
    <reference value="Patient/HIVPatientExample"/>
  </subject>
  <encounter>
    <reference value="Encounter/TargetFacilityEncounterExample"/>
  </encounter>
  <period>
    <start value="2022-12-01"/>
    <end value="2022-12-01"/>
  </period>
  <activity>
    <detail>
      <extension url="http://openhie.org/fhir/training-solution-1/StructureDefinition/art-regimen-line">
        <valueCodeableConcept>
          <coding>
            <system value="http://snomed.info/sct"/>
            <code value="708255002"/>
            <display value="First line treatment"/>
          </coding>
          <text value="ART therapeutic line"/>
        </valueCodeableConcept>
      </extension>
      <extension url="http://openhie.org/fhir/training-solution-1/StructureDefinition/art-regimen-switched-or-substituted">
        <valueCodeableConcept>
          <coding>
            <system value="http://openhie.org/fhir/training-solution-1/CodeSystem/cs-art-regimen-change-type"/>
            <code value="Switched"/>
            <display value="ARV Regimen Switched"/>
          </coding>
          <text value="ARV regimen change"/>
        </valueCodeableConcept>
      </extension>
      <extension url="http://openhie.org/fhir/training-solution-1/StructureDefinition/hiv-care-next-visit">
        <valueDateTime value="2023-02-01"/>
      </extension>
      <kind value="MedicationRequest"/>
      <code>
        <coding>
          <system value="http://loinc.org"/>
          <code value="45260-7"/>
          <display value="HIV ART medication"/>
        </coding>
        <text value="ARV medication request"/>
      </code>
      <status value="in-progress"/>
      <scheduledPeriod>
        <start value="2023-01-01"/>
        <end value="2023-01-01"/>
      </scheduledPeriod>
      <productCodeableConcept>
        <coding>
          <system value="http://snomed.info/sct"/>
          <code value="387005008"/>
          <display value="Abacavir"/>
        </coding>
        <text value="ARV Regimen"/>
      </productCodeableConcept>
    </detail>
  </activity>
  <note>
    <authorReference>
      <reference value="Organization/HIVOrganizationExample"/>
    </authorReference>
    <time value="2015-02-07T13:28:17-05:00"/>
    <text value="Prescribed Abacavir (ABC)"/>
  </note>
  <note>
    <authorReference>
      <reference value="Organization/HIVOrganizationExample"/>
    </authorReference>
    <time value="2015-02-07T13:28:17-05:00"/>
    <text value="Additional informatiion regarding the regimen switch"/>
  </note>
</CarePlan>